motif	rep_num	ATGGAAATATCTACACCGCTATCTGTATAAAC	ATGGAAATATCTACACCGCTATCTCTATAAAC	ATGGAAATATCTACACCGCCATCTGTATAAAC	ATGGAAATATCTACACCGCTATCTGTATAAAT	ATGGAAATATCTACACTGCCATCTGTATAAAC	ATGGAAATATCTACACAGCCATCTGTATAAAC	ATGGAAATATCTACACAGTCATCTGTATAAAC	ATGGAAATATCTACACCACCATCTGTATAAAC	TGCCATCTGTATACACATGGAAATACCTACACCGCTATCTGTATAAACATGGAAATATCTACAC	TACACTGCCATCTGTATAAACATGGAAACATCTACACCGCTATCTCTATACACATGGAAATATC	ATGGAAATATCTACACTGCCATCTGTATACAC	ATGGAAATATCTACACCGCGATCTGTATAAAC	ATGGAAATACCTACACCGCTATCTGTATAAAC	ATGGAAATATCTACACCGCCATCTCTATAAAC	ATGGAAATATCTACATCGCTATCTGTATAAAC	ATGGAAATATCTACACCACTATCTGTATAAAC	ATGGAAATACCTACACCGCTATCTCTATAAAC	ATGGAAATAGCCACACCGCTATCTGTATAAAC	ATGGAAATATCTACATGGCTATCTCTATAAAC	ATGGAAATATCTACACCACCATCTGTGTAAAC	TTGGAAATATCTACACCGCTATCTGTATAAAC	TGCCATCTGTATACACATGGAAATACCTACACCGCTATCTCTATAAACATGGAAATATCTACAC	ATGGAAATATCTACACAGCCATCTCTATAAAC	ATGGAAATATCTACACCACTATCTCTATAAAC	ATGGAAATATCTACACCACCATCTCTATAAAC	TTGGAAATATCTACACAGTCATCTGTATAAAC	TGGAAATACCTACACCGCTATCTGTATAAACTTGGAAATATCTACACAGCCATCTGTATAAACA	ATGGAAATATCTACATCGCCATCTGTATAAAC	GTGGAAATATCTACACCGCTATCTGTATAAAC	ACCTACACCGCTATCTCTATAAACATAGAAATATCTACACTGCCATCTGTATAAACATGGAAAT	ATGGAAACATCTACACCGCTATCTGTATAAAC	ATATGGAAATATCTACACTGCCATCTGTATAAACATGGAAATACCTACACCGCTATCTGTATAA	ATAGAAATATCTACACCGCTATCTCTATAAAC	ATGGAAATATCTACACAGTCATCTGTATTAAC	TGGAAATACCTACACCGCTATCTGTATAAATATGGAAATATCTACACAGCCATCTGTATAAACA	ATGGAAACATCTACACCGCTATCTCTATAAAC	ACCTACACCGCTATCTCTATAAACATAGAAATATCTACACCGCCATCTGTATAAACATGGAAAT	TTGGAAATATCTACACTGCCATCTGTATAAAC	ATGAAAATATCTACACCGCTATCTCTATAAAC	AAACATGAAAATATCTACACCACCATCTGTATAAACATGGAAATACCTACACCGCTATCTCTAT	GTGGAAATATCTACACCACTATCTGTATAAAC	ATGGAAATAGCCACACCGCTATCAGTATAAAC	ACTTGGAAATATCTACATGGCTATCTCTATAAACATGGAAATACCTACACCGCTATCTGTATAA	TTGGAAATATCTACACCACCATCTGTATAAAC	ACACATGGAAATATCTACACCACCATCTGTATAAACATGGAAACATCTACACCGCTATCTCTAT	ACCTACACCGCTATCTCTATAAACATAGAAATATCTACACCGCGATCTGTATAAACATGGAAAT	ATGGAAATATCTACACCGCTATCTCTATACAC	ATGGAAATACCTACACCGCTATCTCTATACAC	ATATGGAAATATCTACACCGCCATCTGTATAAACATGGAAATACCTACACCGCTATCTGTATAA	ATATGGAAATATCTACATGGCTATCTCTATAAACATGGAAATACCTACACCGCTATCTGTATAA	AAACATGAAAATATCTACACCACCATCTGTATAAACATGGAAACATCTACACCGCTATCTCTAT	TGCCATCTGTATAAACATGGAAATACCTACACCGCTATCTCTATACACATGGAAATATCTACAC
ATGGAAATATCTACACCGCTATCTGTATAAAC	87	0,14	1,15	1,15	1,13	2,14	2,14	3,14	2,15	4,29	5,30	3,13	1,15	1,15	2,15	1,14	1,15	2,15	2,16	3,14	3,15	1,15	5,29	3,15	2,16	3,15	4,15	4,30	2,14	1,14	5,29	1,15	4,29	2,15	4,15	4,28	2,16	4,30	3,15	2,15	5,32	2,14	3,15	5,30	3,16	5,31	4,31	2,15	3,15	3,29	5,30	5,32	5,29
ATGGAAATATCTACACCGCTATCTCTATAAAC	51	1,15	0,16	2,15	2,14	3,14	3,15	4,15	3,15	6,30	5,31	4,14	2,16	2,16	1,15	2,15	2,16	1,16	3,15	2,14	4,16	2,16	5,30	2,15	1,16	2,15	5,16	6,32	3,14	2,15	5,29	2,16	6,30	1,15	5,16	6,30	1,17	4,30	4,15	1,16	5,32	3,15	4,14	5,31	4,16	5,32	4,31	1,16	2,16	5,31	5,31	5,33	5,30
ATGGAAATATCTACACCGCCATCTGTATAAAC	43	1,15	2,15	0,14	2,14	1,13	1,14	2,15	1,14	4,28	5,28	2,12	1,15	2,16	1,14	2,14	2,15	3,16	3,16	4,14	2,15	2,16	5,28	2,14	3,15	2,14	3,15	4,31	1,13	2,15	5,30	2,16	4,29	3,16	3,16	4,30	3,16	4,31	2,14	3,16	5,31	3,15	4,16	7,31	2,15	5,29	5,32	3,14	4,15	3,30	7,30	5,31	5,28
ATGGAAATATCTACACCGCTATCTGTATAAAT	41	1,13	2,14	2,14	0,12	3,14	3,13	4,13	3,15	6,28	7,29	4,13	2,14	2,14	3,15	2,14	2,14	3,15	3,15	4,15	4,14	2,14	7,29	4,14	3,15	4,15	5,14	6,28	3,14	2,14	7,29	2,14	4,27	3,14	5,14	4,26	3,15	6,29	4,15	3,14	7,30	3,14	4,15	7,29	4,15	7,30	6,29	3,14	4,15	3,27	5,28	7,30	7,29
ATGGAAATATCTACACTGCCATCTGTATAAAC	38	2,14	3,14	1,13	3,14	0,12	1,13	2,14	2,13	4,26	5,26	1,11	2,14	3,15	2,13	3,13	3,14	4,15	4,15	4,13	3,14	3,15	5,26	2,13	4,14	3,13	3,14	5,29	2,12	3,15	5,28	3,15	4,27	4,15	3,15	5,28	4,15	6,29	1,13	4,15	7,29	4,15	5,16	8,29	3,14	7,27	7,30	4,13	5,14	5,28	8,28	7,29	5,26
ATGGAAATATCTACACAGCCATCTGTATAAAC	34	2,14	3,15	1,14	3,13	1,13	0,14	1,14	2,14	5,28	6,28	2,12	2,15	3,15	2,14	3,14	3,15	4,16	4,15	4,14	3,14	3,15	6,28	1,14	4,15	3,14	2,14	4,30	2,13	3,15	6,30	3,15	5,29	4,15	2,15	4,28	4,16	6,31	2,14	4,15	7,31	4,15	5,15	8,30	3,15	7,29	7,31	4,14	5,15	5,29	8,30	7,31	6,28
ATGGAAATATCTACACAGTCATCTGTATAAAC	34	3,14	4,15	2,15	4,13	2,14	1,14	0,13	3,15	7,30	8,30	3,13	3,14	4,15	3,15	4,14	3,15	5,16	5,16	5,14	4,14	4,14	8,30	2,14	4,16	4,15	1,14	6,30	3,14	4,14	8,31	4,15	7,29	5,15	1,14	6,28	5,16	8,31	3,14	5,15	9,31	4,14	6,16	10,29	4,15	9,31	9,30	5,15	6,16	7,29	10,29	9,31	8,30
ATGGAAATATCTACACCACCATCTGTATAAAC	32	2,15	3,15	1,14	3,15	2,13	2,14	3,15	0,14	6,28	7,28	3,12	2,15	3,16	2,14	3,14	1,15	4,16	4,16	5,14	1,15	3,16	7,28	3,14	2,15	1,14	4,15	6,31	2,13	3,15	7,30	3,16	6,29	4,16	4,15	6,30	4,16	6,31	3,14	4,16	5,31	2,15	5,17	9,31	1,15	5,29	7,32	4,14	5,15	5,30	9,30	5,31	7,28
TGCCATCTGTATACACATGGAAATACCTACACCGCTATCTGTATAAACATGGAAATATCTACAC	32	4,29	6,30	4,28	6,28	4,26	5,28	7,30	6,28	0,26	5,28	4,24	5,29	4,30	6,29	6,27	6,29	6,31	7,30	9,29	8,30	6,31	1,27	7,29	8,30	8,29	9,30	3,29	6,26	6,30	3,28	6,31	2,27	8,31	9,30	3,28	8,32	4,29	6,28	8,32	5,30	8,30	9,31	6,29	8,30	7,29	5,30	6,28	6,29	3,28	6,28	7,31	3,27
TACACTGCCATCTGTATAAACATGGAAACATCTACACCGCTATCTCTATACACATGGAAATATC	29	5,30	5,31	5,28	7,29	5,26	6,28	8,30	7,28	5,28	0,28	5,25	6,30	7,31	5,29	7,28	7,30	7,32	9,31	8,29	9,30	7,32	4,28	6,29	7,31	7,29	10,31	6,30	7,26	7,31	4,29	5,32	5,28	7,31	10,31	6,29	5,33	5,30	7,28	7,33	6,30	9,31	11,31	8,31	9,30	2,29	6,31	5,30	7,31	6,29	8,30	4,31	2,27
ATGGAAATATCTACACTGCCATCTGTATACAC	27	3,13	4,14	2,12	4,13	1,11	2,12	3,13	3,12	4,24	5,25	0,10	3,13	4,14	3,13	4,12	4,13	5,15	5,14	5,13	4,13	4,14	5,25	3,13	5,14	4,13	4,14	7,27	3,11	4,14	7,27	4,14	6,25	5,15	4,14	7,26	5,15	8,28	2,12	5,15	9,28	5,14	6,15	10,28	4,13	7,26	9,29	3,13	4,14	7,26	10,27	9,28	5,25
ATGGAAATATCTACACCGCGATCTGTATAAAC	24	1,15	2,16	1,15	2,14	2,14	2,15	3,14	2,15	5,29	6,30	3,13	0,14	2,15	2,15	2,14	2,16	3,16	3,15	4,15	3,15	2,16	6,29	3,15	3,16	3,15	4,15	5,31	2,14	2,15	6,30	2,16	5,30	3,16	4,15	5,30	3,17	5,31	3,15	3,16	6,32	3,15	4,15	7,32	3,16	6,31	4,31	3,15	4,15	4,31	7,31	6,33	6,29
ATGGAAATACCTACACCGCTATCTGTATAAAC	23	1,15	2,16	2,16	2,14	3,15	3,15	4,15	3,16	4,30	7,31	4,14	2,15	0,14	3,16	2,15	2,16	1,15	2,15	4,15	4,16	2,16	5,30	4,16	3,16	4,16	5,16	4,30	3,15	2,15	5,30	2,16	4,31	3,16	5,15	4,30	3,17	4,31	4,16	3,16	5,32	3,15	3,15	5,31	4,17	7,32	4,31	3,15	2,15	3,31	5,31	7,34	5,30
ATGGAAATATCTACACCGCCATCTCTATAAAC	23	2,15	1,15	1,14	3,15	2,13	2,14	3,15	2,14	6,29	5,29	3,13	2,15	3,16	0,14	3,14	3,15	2,16	4,16	3,14	3,15	3,16	5,29	1,14	2,15	1,14	4,16	6,31	2,13	3,16	5,30	3,16	6,29	2,16	4,16	6,30	2,16	4,31	3,14	2,16	5,31	4,16	5,15	7,31	3,15	5,30	5,32	2,15	3,16	5,30	7,30	5,31	5,29
ATGGAAATATCTACATCGCTATCTGTATAAAC	21	1,14	2,15	2,14	2,14	3,13	3,14	4,14	3,14	6,27	7,28	4,12	2,14	2,15	3,14	0,13	2,14	3,15	3,15	2,13	4,15	2,15	7,27	4,14	3,15	4,14	5,15	6,30	1,13	2,14	7,27	2,15	6,28	3,14	5,14	6,29	3,16	6,28	4,14	3,15	7,30	3,14	4,15	5,29	4,15	7,29	6,29	3,14	4,14	5,29	5,28	7,31	7,27
ATGGAAATATCTACACCACTATCTGTATAAAC	20	1,15	2,16	2,15	2,14	3,14	3,15	3,15	1,15	6,29	7,30	4,13	2,16	2,16	3,15	2,14	0,15	3,16	3,16	4,14	2,15	2,15	7,29	4,15	1,16	2,15	4,15	6,31	3,14	2,14	7,29	2,16	6,30	3,15	4,14	6,30	3,17	6,30	4,15	3,16	5,32	1,14	4,16	7,30	2,16	5,31	6,31	3,15	4,15	5,31	7,30	5,33	7,29
ATGGAAATACCTACACCGCTATCTCTATAAAC	19	2,15	1,16	3,16	3,15	4,15	4,16	5,16	4,16	6,31	7,32	5,15	3,16	1,15	2,16	3,15	3,16	0,16	3,14	3,15	5,17	3,16	5,31	3,16	2,16	3,16	6,17	6,32	4,15	3,16	5,30	3,16	6,31	2,15	6,15	6,32	2,17	4,31	5,16	2,16	5,33	4,16	4,14	5,33	5,17	7,33	4,32	2,16	1,16	5,32	5,31	7,34	5,31
ATGGAAATAGCCACACCGCTATCTGTATAAAC	18	2,16	3,15	3,16	3,15	4,15	4,15	5,16	4,16	7,30	9,31	5,14	3,15	2,15	4,16	3,15	3,16	3,14	0,16	5,14	5,17	3,16	8,30	5,15	4,16	5,16	6,16	7,31	4,15	3,16	8,30	3,17	7,31	4,15	6,15	7,31	4,16	7,31	5,16	4,15	8,31	4,16	1,16	8,31	5,17	9,32	7,30	4,15	4,14	6,32	8,30	9,33	8,30
ATGGAAATATCTACATGGCTATCTCTATAAAC	17	3,14	2,14	4,14	4,15	4,13	4,14	5,14	5,14	9,29	8,29	5,13	4,15	4,15	3,14	2,13	4,14	3,15	5,14	0,12	6,15	4,15	8,29	3,14	3,14	4,14	6,15	9,31	3,13	4,15	8,28	4,15	9,29	3,14	6,14	9,30	3,15	8,29	5,14	3,14	9,30	5,15	6,15	5,28	6,15	9,30	8,30	3,14	4,15	9,30	5,28	9,30	8,29
ATGGAAATATCTACACCACCATCTGTGTAAAC	16	3,15	4,16	2,15	4,14	3,14	3,14	4,14	1,15	8,30	9,30	4,13	3,15	4,16	3,15	4,15	2,15	5,17	5,17	6,15	0,14	4,15	9,30	4,15	3,16	2,15	5,14	8,30	3,14	4,16	9,32	4,16	8,30	5,16	5,15	8,29	5,17	8,32	4,15	5,16	7,32	3,16	6,17	11,33	2,16	7,31	9,32	5,15	6,16	7,30	11,32	7,32	9,30
TTGGAAATATCTACACCGCTATCTGTATAAAC	16	1,15	2,16	2,16	2,14	3,15	3,15	4,14	3,16	6,31	7,32	4,14	2,16	2,16	3,16	2,15	2,15	3,16	3,16	4,15	4,15	0,14	7,31	4,16	3,16	4,16	3,14	4,30	3,15	1,14	7,31	2,15	6,31	3,16	5,14	6,30	3,16	6,32	2,15	3,16	7,33	2,14	4,16	5,31	2,15	7,32	6,32	3,16	4,16	5,31	7,31	7,32	7,31
TGCCATCTGTATACACATGGAAATACCTACACCGCTATCTCTATAAACATGGAAATATCTACAC	16	5,29	5,30	5,28	7,29	5,26	6,28	8,30	7,28	1,27	4,28	5,25	6,29	5,30	5,29	7,27	7,29	5,31	8,30	8,29	9,30	7,31	0,28	6,29	7,30	7,29	10,31	4,29	7,26	7,31	2,28	7,31	3,27	7,31	10,30	4,28	7,32	3,29	7,28	7,32	4,30	9,31	10,30	7,29	9,30	6,29	4,30	5,29	5,30	4,28	7,28	6,31	2,27
ATGGAAATATCTACACAGCCATCTCTATAAAC	15	3,15	2,15	2,14	4,14	2,13	1,14	2,14	3,14	7,29	6,29	3,13	3,15	4,16	1,14	4,14	4,15	3,16	5,15	3,14	4,15	4,16	6,29	0,14	3,15	2,14	3,15	6,31	3,13	4,16	6,30	4,16	7,29	3,15	3,15	6,30	3,16	6,31	3,14	3,16	7,31	5,16	6,15	8,31	4,15	7,30	7,32	3,15	4,16	7,30	8,30	7,31	6,29
ATGGAAATATCTACACCACTATCTCTATAAAC	15	2,16	1,16	3,15	3,15	4,14	4,15	4,16	2,15	8,30	7,31	5,14	3,16	3,16	2,15	3,15	1,16	2,16	4,16	3,14	3,16	3,16	7,30	3,15	0,16	1,15	5,16	8,32	4,14	3,15	7,29	3,17	8,30	2,15	5,15	8,31	2,17	6,30	5,15	2,16	5,32	2,15	5,15	7,31	3,16	5,32	6,31	2,16	3,16	7,31	7,30	5,33	7,30
ATGGAAATATCTACACCACCATCTCTATAAAC	12	3,15	2,15	2,14	4,15	3,13	3,14	4,15	1,14	8,29	7,29	4,13	3,15	4,16	1,14	4,14	2,15	3,16	5,16	4,14	2,15	4,16	7,29	2,14	1,15	0,14	5,16	8,31	3,13	4,16	7,30	4,16	8,29	3,16	5,16	8,30	3,16	6,31	4,14	3,16	5,31	3,16	6,16	9,31	2,15	5,30	7,32	3,15	4,16	7,30	9,30	5,31	7,29
TTGGAAATATCTACACAGTCATCTGTATAAAC	12	4,15	5,16	3,15	5,14	3,14	2,14	1,14	4,15	9,30	10,31	4,14	4,15	5,16	4,16	5,15	4,15	6,17	6,16	6,15	5,14	3,14	10,31	3,15	5,16	5,16	0,13	6,29	4,15	4,14	10,31	5,15	9,29	6,16	2,14	8,29	6,16	10,32	2,13	6,16	11,32	4,14	7,16	10,30	3,14	11,31	11,32	6,16	7,17	9,30	12,30	11,31	10,31
TGGAAATACCTACACCGCTATCTGTATAAACTTGGAAATATCTACACAGCCATCTGTATAAACA	11	4,30	6,32	4,31	6,28	5,29	4,30	6,30	6,31	3,29	6,30	7,27	5,31	4,30	6,31	6,30	6,31	6,32	7,31	9,31	8,30	4,30	4,29	6,31	8,32	8,31	6,29	0,30	6,29	5,30	4,31	6,31	3,30	8,32	8,31	2,30	8,33	4,32	5,30	8,32	5,32	7,30	9,31	4,30	6,32	7,31	5,32	8,30	8,31	3,31	6,30	7,32	4,29
ATGGAAATATCTACATCGCCATCTGTATAAAC	11	2,14	3,14	1,13	3,14	2,12	2,13	3,14	2,13	6,26	7,26	3,11	2,14	3,15	2,13	1,13	3,14	4,15	4,15	3,13	3,14	3,15	7,26	3,13	4,14	3,13	4,15	6,29	0,12	3,15	7,28	3,15	6,27	4,15	4,15	6,28	4,15	6,29	3,13	4,15	7,29	4,15	5,15	7,29	3,14	7,27	7,30	4,13	5,14	5,28	7,28	7,29	7,26
GTGGAAATATCTACACCGCTATCTGTATAAAC	11	1,14	2,15	2,15	2,14	3,15	3,15	4,14	3,15	6,30	7,31	4,14	2,15	2,15	3,16	2,14	2,14	3,16	3,16	4,15	4,16	1,14	7,31	4,16	3,15	4,16	4,14	5,30	3,15	0,13	7,31	2,14	6,30	3,16	5,14	6,30	3,15	6,32	3,15	3,15	7,31	1,13	4,15	6,30	3,15	7,31	6,32	3,15	4,16	5,30	7,30	7,31	7,31
ACCTACACCGCTATCTCTATAAACATAGAAATATCTACACTGCCATCTGTATAAACATGGAAAT	9	5,29	5,29	5,30	7,29	5,28	6,30	8,31	7,30	3,28	4,29	7,27	6,30	5,30	5,30	7,27	7,29	5,30	8,30	8,28	9,32	7,31	2,28	6,30	7,29	7,30	10,31	4,31	7,28	7,31	0,28	7,31	3,29	5,30	10,31	4,30	7,31	1,29	7,30	7,31	4,31	9,31	10,31	7,29	9,32	6,30	2,30	7,28	7,29	4,30	7,28	6,31	2,28
ATGGAAACATCTACACCGCTATCTGTATAAAC	9	1,15	2,16	2,16	2,14	3,15	3,15	4,15	3,16	6,31	5,32	4,14	2,16	2,16	3,16	2,15	2,16	3,16	3,17	4,15	4,16	2,15	7,31	4,16	3,17	4,16	5,15	6,31	3,15	2,14	7,31	0,16	6,31	3,16	5,16	6,30	1,17	6,32	4,16	3,16	7,34	3,15	4,16	7,32	4,17	5,33	6,33	3,16	4,16	5,31	7,32	5,34	7,31
ATATGGAAATATCTACACTGCCATCTGTATAAACATGGAAATACCTACACCGCTATCTGTATAA	8	4,29	6,30	4,29	4,27	4,27	5,29	7,29	6,29	2,27	5,28	6,25	5,30	4,31	6,29	6,28	6,30	6,31	7,31	9,29	8,30	6,31	3,27	7,29	8,30	8,29	9,29	3,30	6,27	6,30	3,29	6,31	0,28	8,31	9,30	1,29	8,32	4,30	6,29	8,31	5,30	8,30	9,32	6,30	8,31	7,29	5,31	8,28	8,29	1,29	4,29	7,31	3,27
ATAGAAATATCTACACCGCTATCTCTATAAAC	7	2,15	1,15	3,16	3,14	4,15	4,15	5,15	4,16	8,31	7,31	5,15	3,16	3,16	2,16	3,14	3,15	2,15	4,15	3,14	5,16	3,16	7,31	3,15	2,15	3,16	6,16	8,32	4,15	3,16	5,30	3,16	8,31	0,14	6,16	8,30	2,16	4,31	5,16	2,16	7,33	4,16	5,15	7,31	5,17	7,32	4,31	2,15	3,15	7,31	7,29	7,33	7,31
ATGGAAATATCTACACAGTCATCTGTATTAAC	7	4,15	5,16	3,16	5,14	3,15	2,15	1,14	4,15	9,30	10,31	4,14	4,15	5,15	4,16	5,14	4,14	6,15	6,15	6,14	5,15	5,14	10,30	3,15	5,15	5,16	2,14	8,31	4,15	5,14	10,31	5,16	9,30	6,16	0,15	8,30	6,16	10,32	4,14	6,16	11,30	5,15	7,15	12,30	5,15	11,31	11,32	6,16	7,15	9,31	12,30	11,31	10,30
TGGAAATACCTACACCGCTATCTGTATAAATATGGAAATATCTACACAGCCATCTGTATAAACA	7	4,28	6,30	4,30	4,26	5,28	4,28	6,28	6,30	3,28	6,29	7,26	5,30	4,30	6,30	6,29	6,30	6,32	7,31	9,30	8,29	6,30	4,28	6,30	8,31	8,30	8,29	2,30	6,28	6,30	4,30	6,30	1,29	8,30	8,30	0,28	8,32	4,31	7,30	8,30	5,31	8,30	9,31	6,30	8,32	7,30	5,31	8,29	8,30	1,29	4,30	7,31	4,28
ATGGAAACATCTACACCGCTATCTCTATAAAC	6	2,16	1,17	3,16	3,15	4,15	4,16	5,16	4,16	8,32	5,33	5,15	3,17	3,17	2,16	3,16	3,17	2,17	4,16	3,15	5,17	3,16	7,32	3,16	2,17	3,16	6,16	8,33	4,15	3,15	7,31	1,17	8,32	2,16	6,16	8,32	0,18	6,32	5,16	2,17	7,34	4,16	5,15	7,33	5,17	5,34	6,33	2,17	3,17	7,33	7,33	5,35	7,32
ACCTACACCGCTATCTCTATAAACATAGAAATATCTACACCGCCATCTGTATAAACATGGAAAT	6	4,30	4,30	4,31	6,29	6,29	6,31	8,31	6,31	4,29	5,30	8,28	5,31	4,31	4,31	6,28	6,30	4,31	7,31	8,29	8,32	6,32	3,29	6,31	6,30	6,31	10,32	4,32	6,29	6,32	1,29	6,32	4,30	4,31	10,32	4,31	6,32	0,30	8,31	6,32	3,32	8,32	9,31	7,30	8,33	5,31	1,31	6,29	6,30	3,31	7,29	5,32	3,29
TTGGAAATATCTACACTGCCATCTGTATAAAC	6	3,15	4,15	2,14	4,15	1,13	2,14	3,14	3,14	6,28	7,28	2,12	3,15	4,16	3,14	4,14	4,15	5,16	5,16	5,14	4,15	2,15	7,28	3,14	5,15	4,14	2,13	5,30	3,13	3,15	7,30	4,16	6,29	5,16	4,14	7,30	5,16	8,31	0,13	5,16	9,31	4,15	6,16	8,31	2,15	9,29	9,32	5,14	6,15	7,30	10,30	9,31	7,28
ATGAAAATATCTACACCGCTATCTCTATAAAC	5	2,15	1,16	3,16	3,14	4,15	4,15	5,15	4,16	8,32	7,33	5,15	3,16	3,16	2,16	3,15	3,16	2,16	4,15	3,14	5,16	3,16	7,32	3,16	2,16	3,16	6,16	8,32	4,15	3,15	7,31	3,16	8,31	2,16	6,16	8,30	2,17	6,32	5,16	0,16	5,34	4,15	5,14	7,31	5,17	7,34	6,32	2,16	3,16	7,31	7,31	5,34	7,32
AAACATGAAAATATCTACACCACCATCTGTATAAACATGGAAATACCTACACCGCTATCTCTAT	5	5,32	5,32	5,31	7,30	7,29	7,31	9,31	5,31	5,30	6,30	9,28	6,32	5,32	5,31	7,30	5,32	5,33	8,31	9,30	7,32	7,33	4,30	7,31	5,32	5,31	11,32	5,32	7,29	7,31	4,31	7,34	5,30	7,33	11,30	5,31	7,34	3,32	9,31	5,34	0,32	7,31	10,31	8,32	7,33	4,31	4,33	7,31	7,32	4,31	8,31	2,33	4,29
GTGGAAATATCTACACCACTATCTGTATAAAC	5	2,14	3,15	3,15	3,14	4,15	4,15	4,14	2,15	8,30	9,31	5,14	3,15	3,15	4,16	3,14	1,14	4,16	4,16	5,15	3,16	2,14	9,31	5,16	2,15	3,16	4,14	7,30	4,15	1,13	9,31	3,15	8,30	4,16	5,15	8,30	4,16	8,32	4,15	4,15	7,31	0,13	5,15	8,30	2,15	7,31	8,32	4,15	5,16	7,30	9,30	7,31	9,31
ATGGAAATAGCCACACCGCTATCAGTATAAAC	5	3,15	4,14	4,16	4,15	5,16	5,15	6,16	5,17	9,31	11,31	6,15	4,15	3,15	5,15	4,15	4,16	4,14	1,16	6,15	6,17	4,16	10,30	6,15	5,15	6,16	7,16	9,31	5,15	4,15	10,31	4,16	9,32	5,15	7,15	9,31	5,15	9,31	6,16	5,14	10,31	5,15	0,16	10,31	6,17	11,32	9,30	5,14	5,14	8,32	10,31	11,32	10,30
ACTTGGAAATATCTACATGGCTATCTCTATAAACATGGAAATACCTACACCGCTATCTGTATAA	4	5,30	5,31	7,31	7,29	8,29	8,30	10,29	9,31	6,29	8,31	10,28	7,32	5,31	7,31	5,29	7,30	5,33	8,31	5,28	11,33	5,31	7,29	8,31	7,31	9,31	10,30	4,30	7,29	6,30	7,29	7,32	6,30	7,31	12,30	6,30	7,33	7,30	8,31	7,31	8,32	8,30	10,31	0,29	9,32	8,32	7,31	7,31	7,32	6,31	2,29	8,32	7,30
TTGGAAATATCTACACCACCATCTGTATAAAC	4	3,16	4,16	2,15	4,15	3,14	3,15	4,15	1,15	8,30	9,30	4,13	3,16	4,17	3,15	4,15	2,16	5,17	5,17	6,15	2,16	2,15	9,30	4,15	3,16	2,15	3,14	6,32	3,14	3,15	9,32	4,17	8,31	5,17	5,15	8,32	5,17	8,33	2,15	5,17	7,33	2,15	6,17	9,32	0,15	7,31	9,34	5,15	6,16	7,32	11,32	7,33	9,30
ACACATGGAAATATCTACACCACCATCTGTATAAACATGGAAACATCTACACCGCTATCTCTAT	3	5,31	5,32	5,29	7,30	7,27	7,29	9,31	5,29	7,29	2,29	7,26	6,31	7,32	5,30	7,29	5,31	7,33	9,32	9,30	7,31	7,32	6,29	7,30	5,32	5,30	11,31	7,31	7,27	7,31	6,30	5,33	7,29	7,32	11,31	7,30	5,34	5,31	9,29	7,34	4,31	7,31	11,32	8,32	7,31	0,30	6,32	5,31	7,32	6,30	8,31	2,32	4,28
ACCTACACCGCTATCTCTATAAACATAGAAATATCTACACCGCGATCTGTATAAACATGGAAAT	3	4,31	4,31	5,32	6,29	7,30	7,31	9,30	7,32	5,30	6,31	9,29	4,31	4,31	5,32	6,29	6,31	4,32	7,30	8,30	9,32	6,32	4,30	7,32	6,31	7,32	11,32	5,32	7,30	6,32	2,30	6,33	5,31	4,31	11,32	5,31	6,33	1,31	9,32	6,32	4,33	8,32	9,30	7,31	9,34	6,32	0,32	6,30	6,31	4,31	7,30	6,33	4,30
ATGGAAATATCTACACCGCTATCTCTATACAC	2	2,15	1,16	3,14	3,14	4,13	4,14	5,15	4,14	6,28	5,30	3,13	3,15	3,15	2,15	3,14	3,15	2,16	4,15	3,14	5,15	3,16	5,29	3,15	2,16	3,15	6,16	8,30	4,13	3,15	7,28	3,16	8,28	2,15	6,16	8,29	2,17	6,29	5,14	2,16	7,31	4,15	5,14	7,31	5,15	5,31	6,30	0,16	1,16	7,29	7,30	7,32	5,29
ATGGAAATACCTACACCGCTATCTCTATACAC	2	3,15	2,16	4,15	4,15	5,14	5,15	6,16	5,15	6,29	7,31	4,14	4,15	2,15	3,16	4,14	4,15	1,16	4,14	4,15	6,16	4,16	5,30	4,16	3,16	4,16	7,17	8,31	5,14	4,16	7,29	4,16	8,29	3,15	7,15	8,30	3,17	6,30	6,15	3,16	7,32	5,16	5,14	7,32	6,16	7,32	6,31	1,16	0,16	7,30	7,31	9,33	5,30
ATATGGAAATATCTACACCGCCATCTGTATAAACATGGAAATACCTACACCGCTATCTGTATAA	1	3,29	5,31	3,30	3,27	5,28	5,29	7,29	5,30	3,28	6,29	7,26	4,31	3,31	5,30	5,29	5,31	5,32	6,32	9,30	7,30	5,31	4,28	7,30	7,31	7,30	9,30	3,31	5,28	5,30	4,30	5,31	1,29	7,31	9,31	1,29	7,33	3,31	7,30	7,31	4,31	7,30	8,32	6,31	7,32	6,30	4,31	7,29	7,30	0,30	4,30	6,32	4,28
ATATGGAAATATCTACATGGCTATCTCTATAAACATGGAAATACCTACACCGCTATCTGTATAA	1	5,30	5,31	7,30	5,28	8,28	8,30	10,29	9,30	6,28	8,30	10,27	7,31	5,31	7,30	5,28	7,30	5,31	8,30	5,28	11,32	7,31	7,28	8,30	7,30	9,30	12,30	6,30	7,28	7,30	7,28	7,32	4,29	7,29	12,30	4,30	7,33	7,29	10,30	7,31	8,31	9,30	10,31	2,29	11,32	8,31	7,30	7,30	7,31	4,30	0,29	8,32	7,29
AAACATGAAAATATCTACACCACCATCTGTATAAACATGGAAACATCTACACCGCTATCTCTAT	1	5,32	5,33	5,31	7,30	7,29	7,31	9,31	5,31	7,31	4,31	9,28	6,33	7,34	5,31	7,31	5,33	7,34	9,33	9,30	7,32	7,32	6,31	7,31	5,33	5,31	11,31	7,32	7,29	7,31	6,31	5,34	7,31	7,33	11,31	7,31	5,35	5,32	9,31	5,34	2,33	7,31	11,32	8,32	7,33	2,32	6,33	7,32	9,33	6,32	8,32	0,34	6,30
TGCCATCTGTATAAACATGGAAATACCTACACCGCTATCTCTATACACATGGAAATATCTACAC	1	5,29	5,30	5,28	7,29	5,26	6,28	8,30	7,28	3,27	2,27	5,25	6,29	5,30	5,29	7,27	7,29	5,31	8,30	8,29	9,30	7,31	2,27	6,29	7,30	7,29	10,31	4,29	7,26	7,31	2,28	7,31	3,27	7,31	10,30	4,28	7,32	3,29	7,28	7,32	4,29	9,31	10,30	7,30	9,30	4,28	4,30	5,29	5,30	4,28	7,29	6,30	0,26
