start	end	motif	rep
0	3	CCA	1
3	6	ATT	1
6	16	CCATT	2
16	20	CCAT	1
20	35	CCATT	3
35	42	TACCATT	1
42	62	CCATT	4
62	66	CCAT	1
66	69	CAT	1
69	84	CCATT	3
84	90	CCCATT	1
90	95	CCATT	1
95	99	CCTT	1
99	124	CCATT	5
124	130	ACAATT	1
130	135	CCATT	1
135	139	CATT	1
139	144	CCATT	1
144	150	ACATCT	1
150	155	TCATT	1
155	159	CCAT	1
159	164	CCATC	1
164	179	CCATT	3
179	184	CATCT	1
184	189	CCATT	1
189	193	CCAT	1
193	198	CCATT	1
198	203	GCATT	1
203	213	CCATT	2
213	217	CCTT	1
217	227	CCATT	2
227	232	CCTTT	1
232	236	CATT	1
236	241	CCATT	1
241	247	CCAATT	1
247	252	CCATT	1
252	257	CGATT	1
257	292	CCATT	7
292	298	CAAGGT	1
298	302	CCAT	1
302	312	CCATT	2
312	315	CAT	1
315	319	CATT	1
319	325	CAATGT	1
325	330	CCATT	1
330	336	ACCATT	1
336	341	CGATT	1
341	351	CCATT	2
351	356	CCATT	1
356	361	CCATT	1
361	367	GCCATT	1
367	372	CCATT	1
372	376	CCAT	1
376	386	CCATT	2
386	390	CATT	1
390	395	CCATT	1
395	401	GTCATT	1
401	407	CCATCT	1
407	411	CATT	1
411	431	CCATT	4
431	435	CCAT	1
435	440	CCATG	1
440	444	CCAT	1
444	448	CATT	1
448	463	CCATT	3
463	468	CAATT	1
468	478	CCATT	2
478	484	GTCATT	1
484	488	CCAT	1
488	494	CCAGTT	1
494	500	CCAATT	1
500	515	CCATT	3
515	521	CCAATT	1
521	531	CCATT	2
531	537	CCAGTT	1
537	542	CCATT	1
542	546	CATT	1
546	551	TCATT	1
551	561	CCATT	2
561	565	CCAT	1
565	570	CCATT	1
570	575	CGATA	1
575	590	CCATT	3
590	596	CCATTT	1
596	621	CCATT	5
621	625	CCTT	1
625	631	CTCATT	1
631	637	CCATGT	1
637	642	CCATA	1
642	667	CCATT	5
667	672	CCCTT	1
672	676	CCAT	1
676	686	CCATT	2
686	692	TCCATT	1
692	696	CCTT	1
696	701	TCACT	1
701	706	CCATT	1
706	711	CTATT	1
711	716	GCATT	1
716	721	ACATT	1
721	727	CCAATT	1
727	737	CCATT	2
737	742	CCATT	1
742	757	CCATT	3
757	763	CACATT	1
763	773	CCATT	2
773	779	CCATAT	1
779	784	CCATT	1
784	788	AATT	1
788	794	CCCATT	1
794	809	CCATT	3
809	815	CCACTT	1
815	821	CTCATT	1
821	827	CCACTT	1
827	837	CCATT	2
837	842	CAATT	1
842	846	CCTT	1
846	856	CCATT	2
856	860	CATT	1
860	895	CCATT	7
895	901	CCAATT	1
901	916	CCATT	3
916	921	TCATT	1
921	927	CCCATT	1
927	933	CCATCT	1
933	943	CCATT	2
943	949	CCCATT	1
949	954	CCCTT	1
954	959	CCATT	1
959	963	CCTT	1
963	993	CCATT	6
993	997	CCTT	1
997	1002	CCACT	1
1002	1007	CCATT	1
1007	1011	CCTT	1
1011	1017	CCGGTT	1
1017	1047	CCATT	6
1047	1053	CCATTT	1
1053	1059	CCACTT	1
1059	1064	CCATT	1
1064	1070	CGCATT	1
1070	1075	CCATT	1
1075	1081	CCCATT	1
1081	1106	CCATT	5
1106	1111	CCATC	1
1111	1116	CCATT	1
1116	1120	CCAT	1
1120	1124	CATT	1
1124	1128	CCTT	1
1128	1143	CCATT	3
1143	1148	ACATT	1
1148	1152	CATT	1
1152	1162	CCATT	2
1162	1166	CTTT	1
1166	1171	CCATC	1
1171	1181	CCATT	2
1181	1187	TCCATT	1
1187	1193	ACCATT	1
1193	1197	CATT	1
1197	1202	CCATT	1
1202	1207	CTATT	1
1207	1212	CGATT	1
1212	1217	CCATT	1
1217	1221	CCAT	1
1221	1226	CCATT	1
1226	1232	CCACTT	1
1232	1242	CCATT	2
1242	1247	CCAAT	1
1247	1254	CCCATTT	1
1254	1264	CCATT	2
1264	1268	CATT	1
1268	1273	CCATT	1
1273	1277	CCAT	1
1277	1281	CATT	1
1281	1306	CCATT	5
1306	1311	ACCAT	1
1311	1321	CCATT	2
1321	1325	CAAT	1
1325	1329	CATT	1
1329	1354	CCATT	5
1354	1360	GGCATT	1
1360	1366	CCCATT	1
1366	1371	CCAGT	1
1371	1381	CCATT	2
1381	1385	CATT	1
1385	1395	CCATT	2
1395	1401	CCCATT	1
1401	1406	ACATG	1
1406	1411	CCATC	1
1411	1415	CCAT	1
1415	1418	CAT	1
1418	1423	CCATT	1
1423	1428	CTATT	1
1428	1433	CCCTT	1
1433	1438	CCAGC	1
1438	1443	TCGTT	1
1443	1448	CCATT	1
1448	1454	CCATGT	1
1454	1458	CCAT	1
1458	1462	CATT	1
1462	1467	CCATG	1
1467	1477	CCATT	2
1477	1481	CCAT	1
1481	1486	CCATT	1
1486	1492	CCATCT	1
1492	1512	CCATT	4
1512	1516	CCAT	1
1516	1521	CCATT	1
1521	1527	CCAATT	1
1527	1552	CCATT	5
1552	1556	CCAT	1
1556	1563	CGCATTT	1
1563	1573	CCATT	2
1573	1579	TCCATT	1
1579	1589	CCATT	2
1589	1593	CCTT	1
1593	1599	CCATTT	1
1599	1614	CCATT	3
1614	1619	CCTGT	1
1619	1624	CCATT	1
1624	1630	GCCATT	1
1630	1636	CCGATT	1
1636	1641	CCATT	1
1641	1645	CATT	1
1645	1665	CCATT	4
1665	1671	CCATTT	1
1671	1681	CCATT	2
1681	1685	CATT	1
1685	1690	CCATT	1
1690	1696	ACCATT	1
1696	1711	CCATT	3
1711	1715	CCTT	1
1715	1720	CCATT	1
1720	1735	CCATT	3
1735	1740	ACATT	1
1740	1744	CATC	1
1744	1749	CCATT	1
1749	1755	CCATGT	1
1755	1780	CCATT	5
1780	1784	CATT	1
1784	1794	CCATT	2
1794	1798	CCAT	1
1798	1802	CATT	1
1802	1807	CCATT	1
1807	1811	CCAT	1
1811	1816	CCATT	1
1816	1821	CGGTT	1
1821	1826	CTATT	1
1826	1831	CCATT	1
1831	1835	CATT	1
1835	1839	CCTT	1
1839	1854	CCATT	3
1854	1859	CCATC	1
1859	1865	CCTATT	1
1865	1870	CCATT	1
1870	1874	CCAT	1
1874	1894	CCATT	4
1894	1899	CCTTT	1
1899	1903	CCTT	1
1903	1908	CCATT	1
1908	1913	CCAAT	1
1913	1918	CAATT	1
1918	1923	CCATA	1
1923	1928	CGATT	1
1928	1933	TCATT	1
1933	1938	CCATT	1
1938	1944	CACATT	1
1944	1949	CCATT	1
1949	1953	CCAT	1
1953	1957	CCTT	1
1957	1962	CCATT	1
1962	1967	CCAAT	1
1967	1971	CCAT	1
1971	1975	CCTT	1
1975	1980	CCATT	1
1980	1985	CCAAT	1
1985	1995	CCATT	2
1995	2000	ATATT	1
2000	2005	CCCTT	1
2005	2010	CCATT	1
2010	2014	CATT	1
2014	2069	CCATT	11
2069	2074	CCGTT	1
2074	2079	CCATT	1
2079	2084	GCATT	1
2084	2324	CCATT	48
2324	2327	CCA	1
2327	2351	CTT	8
2351	2356	TACTT	1
2356	2380	CTT	8
2380	2383	CTG	1
2383	2385	CT	1
2385	2400	CTT	5
2400	2403	CTG	1
2403	2409	CTT	2
2409	2411	CT	1
2411	2414	CAT	1
2414	2417	CTT	1
2417	2421	CATT	1
2421	2436	CTT	5
2436	2439	CGT	1
2439	2443	GCTT	1
2443	2449	CTT	2
2449	2451	CT	1
2451	2453	TT	1
2453	2468	CTT	5
2468	2472	CATT	1
2472	2476	GCTT	1
2476	2482	CTT	2
2482	2486	TCTT	1
2486	2507	CTT	7
2507	2511	TTAT	1
2511	2514	CTT	1
2514	2519	ATCTT	1
2519	2573	CTT	18
2573	2575	TT	1
2575	2581	CTT	2
2581	2584	CGT	1
2584	2590	CTT	2
2590	2593	CTC	1
2593	2599	CTT	2
2599	2602	CTC	1
2602	2605	CTT	1
2605	2607	TT	1
2607	2610	CTG	1
2610	2619	CTT	3
2619	2623	CCTT	1
2623	2627	CTGT	1
2627	2630	CTT	1
2630	2632	CT	1
2632	2635	CTT	1
2635	2637	CT	1
2637	2640	CTT	1
2640	2644	CTCT	1
2644	2650	CTT	2
2650	2654	CTTT	1
2654	2656	TT	1
2656	2661	CCGTT	1
2661	2664	CTT	1
2664	2667	TTT	1
2667	2670	CTT	1
2670	2674	GCTT	1
2674	2713	CTT	13
2713	2715	CT	1
2715	2718	CTT	1
2718	2720	TT	1
2720	2732	CTT	4
2732	2735	CTA	1
2735	2750	CTT	5
2750	2753	ATT	1
2753	2780	CTT	9
2780	2784	CCTT	1
2784	2799	CTT	5
2799	2801	CT	1
2801	2810	CTT	3
2810	2813	CTA	1
2813	2837	CTT	8
2837	2840	CTG	1
2840	2843	CCT	1
2843	2849	CTT	2
2849	2853	CTTT	1
2853	2859	CTT	2
2859	2861	CT	1
2861	2865	CTGT	1
2865	2868	TTT	1
2868	2871	CTT	1
2871	2875	CTGT	1
2875	2878	CTT	1
2878	2882	TCTT	1
2882	2894	CTT	4
2894	2897	CCT	1
2897	2899	TT	1
2899	2905	CTT	2
2905	2909	CTTT	1
2909	2912	CTT	1
2912	2916	CCTT	1
2916	2928	CTT	4
2928	2932	CTAT	1
2932	2944	CTT	4
2944	2948	ATTT	1
2948	2952	GCTT	1
2952	2958	CTT	2
2958	2961	CGT	1
2961	2963	TT	1
2963	2966	CTT	1
2966	2968	CT	1
2968	2970	TT	1
2970	2988	CTT	6
2988	2992	GCTT	1
2992	3007	CTT	5
3007	3009	CT	1
3009	3013	CCAT	1
3013	3016	CTT	1
3016	3019	GTT	1
3019	3028	CTT	3
3028	3031	GTA	1
3031	3034	CTT	1
3034	3038	CCTT	1
3038	3041	TTT	1
3041	3044	CTT	1
3044	3046	CT	1
3046	3052	CTT	2
3052	3054	TT	1
3054	3066	CTT	4
3066	3070	TCTT	1
3070	3076	CTT	2
3076	3079	GTT	1
3079	3088	CTT	3
3088	3091	CTA	1
3091	3100	CTT	3
3100	3104	CTCT	1
3104	3110	CTT	2
3110	3113	GTT	1
3113	3119	CTT	2
3119	3122	CCT	1
3122	3126	CCTT	1
3126	3147	CTT	7
3147	3151	CTTT	1
3151	3154	CTT	1
3154	3157	TTT	1
3157	3161	CTCT	1
3161	3179	CTT	6
3179	3181	TT	1
3181	3193	CTT	4
3193	3198	GACTT	1
3198	3200	TT	1
3200	3202	CT	1
3202	3204	TT	1
3204	3207	CCT	1
3207	3210	CAT	1
3210	3212	CT	1
3212	3214	TT	1
3214	3232	CTT	6
3232	3235	CGT	1
3235	3247	CTT	4
3247	3251	CTTT	1
3251	3257	CTT	2
3257	3261	CCTT	1
3261	3263	TT	1
3263	3278	CTT	5
3278	3280	CT	1
3280	3286	CTT	2
3286	3288	TT	1
3288	3291	CCT	1
3291	3309	CTT	6
3309	3311	TT	1
3311	3338	CTT	9
3338	3342	CCTT	1
3342	3348	CTT	2
3348	3351	TTG	1
3351	3354	CTT	1
3354	3357	CTC	1
3357	3384	CTT	9
3384	3388	CCTT	1
3388	3390	CT	1
3390	3392	TT	1
3392	3401	CTT	3
3401	3403	TT	1
3403	3409	CTT	2
3409	3411	TT	1
3411	3413	TT	1
3413	3417	CCTT	1
3417	3420	CTT	1
3420	3422	CT	1
3422	3423	T	1
3423	3426	CTT	1
3426	3428	TT	1
3428	3431	CTT	1
3431	3433	TT	1
3433	3436	CTT	1
3436	3438	CT	1
3438	3440	TT	1
3440	3452	CTT	4
3452	3454	CT	1
3454	3457	TTT	1
3457	3472	CTT	5
3472	3476	CTTT	1
3476	3491	CTT	5
3491	3494	CCT	1
3494	3497	CTT	1
3497	3501	CTCT	1
3501	3504	CTT	1
3504	3509	GGCTT	1
3509	3527	CTT	6
3527	3530	TTT	1
3530	3533	CGT	1
3533	3539	CTT	2
3539	3543	TCTT	1
3543	3552	CTT	3
3552	3554	CT	1
3554	3557	CTT	1
3557	3559	CT	1
3559	3561	TT	1
3561	3570	CTT	3
3570	3573	CCT	1
3573	3612	CTT	13
3612	3615	TTT	1
3615	3630	CTT	5
3630	3634	CATT	1
3634	3637	CTT	1
3637	3640	CGT	1
3640	3646	CTT	2
3646	3649	TTT	1
3649	3658	CTT	3
3658	3661	CAT	1
3661	3664	CTT	1
3664	3668	CTAT	1
3668	3674	CTT	2
3674	3676	CT	1
3676	3679	TCT	1
3679	3685	CTT	2
3685	3688	GTT	1
3688	3709	CTT	7
3709	3713	CTTT	1
3713	3716	CTC	1
3716	3722	CTT	2
3722	3726	CTTT	1
3726	3730	CTAT	1
3730	3763	CTT	11
3763	3765	CC	1
3765	3767	TT	1
3767	3770	CTT	1
3770	3772	CT	1
3772	3778	CTT	2
3778	3782	CTTT	1
3782	3791	CTT	3
3791	3794	CCT	1
3794	3796	CT	1
3796	3823	CTT	9
3823	3828	CTGAT	1
3828	3834	CTT	2
3834	3838	CATT	1
3838	3841	CTT	1
3841	3844	ATT	1
3844	3856	CTT	4
3856	3858	CT	1
3858	3860	TT	1
3860	3863	CTT	1
3863	3866	CCT	1
3866	3878	CTT	4
3878	3882	GTTT	1
3882	3885	CTT	1
3885	3887	TT	1
3887	3896	CTT	3
3896	3898	TT	1
3898	3901	CTT	1
3901	3903	CT	1
3903	3909	CTT	2
3909	3911	TT	1
3911	3917	CTT	2
3917	3920	CCA	1
3920	3922	CT	1
3922	3925	TCT	1
3925	3934	CTT	3
3934	3937	CGT	1
3937	3943	CTT	2
3943	3945	CT	1
3945	3960	CTT	5
3960	3962	TT	1
3962	3964	CT	1
3964	3968	TTAT	1
3968	3972	CCTT	1
3972	3978	CTT	2
3978	3982	CCTT	1
3982	3991	CTT	3
3991	3993	CT	1
3993	4020	CTT	9
4020	4022	CT	1
4022	4025	CTT	1
4025	4027	TT	1
4027	4036	CTT	3
4036	4039	CGT	1
4039	4041	TA	1
4041	4068	CTT	9
4068	4070	CT	1
4070	4073	TTT	1
4073	4076	CTT	1
4076	4078	TT	1
4078	4084	CTT	2
4084	4086	TT	1
4086	4095	CTT	3
4095	4097	CT	1
4097	4109	CTT	4
4109	4111	CT	1
4111	4113	GT	1
4113	4116	CTT	1
4116	4120	TCTT	1
4120	4122	TT	1
4122	4125	CTT	1
4125	4128	TTT	1
4128	4131	CTC	1
4131	4133	CT	1
4133	4139	CTT	2
4139	4142	TTT	1
4142	4145	CTT	1
4145	4147	TT	1
4147	4150	CTT	1
4150	4154	CCCT	1
4154	4155	T	1
4155	4157	CT	1
4157	4166	CTT	3
4166	4170	CTTT	1
4170	4173	CTT	1
4173	4175	TT	1
4175	4181	CTT	2
4181	4184	ATT	1
4184	4193	CTT	3
4193	4195	CT	1
4195	4197	TT	1
4197	4203	CTT	2
4203	4207	CTTT	1
4207	4228	CTT	7
4228	4230	CT	1
4230	4232	TT	1
4232	4238	CTT	2
4238	4242	TCTT	1
4242	4269	CTT	9
4269	4271	CT	1
4271	4273	CG	1
4273	4277	TTAT	1
4277	4286	CTT	3
4286	4288	CT	1
4288	4290	TT	1
4290	4305	CTT	5
4305	4307	CT	1
4307	4310	CTT	1
4310	4313	CTG	1
4313	4331	CTT	6
4331	4333	GT	1
4333	4339	CTT	2
4339	4341	TT	1
4341	4347	CTT	2
4347	4349	TT	1
4349	4355	CTT	2
4355	4357	CT	1
4357	4359	TT	1
4359	4383	CTT	8
4383	4386	ATT	1
4386	4395	CTT	3
4395	4398	CGT	1
4398	4404	CTT	2
4404	4407	CCT	1
4407	4410	CTT	1
4410	4413	TTT	1
4413	4428	CTT	5
4428	4431	ATT	1
4431	4434	CAT	1
4434	4449	CTT	5
4449	4453	CTTT	1
4453	4456	CTT	1
4456	4461	ACCTT	1
4461	4467	CTT	2
4467	4470	CCT	1
4470	4494	CTT	8
4494	4498	CTGT	1
4498	4513	CTT	5
4513	4517	TCTT	1
4517	4523	CTT	2
4523	4527	CTGT	1
4527	4530	CTT	1
4530	4533	CTG	1
4533	4535	TT	1
4535	4538	CTC	1
4538	4544	CTT	2
4544	4546	CT	1
4546	4548	TT	1
4548	4551	CTT	1
4551	4553	CT	1
4553	4571	CTT	6
4571	4574	CTG	1
4574	4576	CT	1
4576	4578	TT	1
4578	4587	CTT	3
4587	4589	CT	1
4589	4610	CTT	7
4610	4613	CCT	1
4613	4616	CTT	1
4616	4618	TT	1
4618	4624	CTT	2
4624	4626	CT	1
4626	4628	TC	1
4628	4630	CT	1
4630	4636	CTT	2
4636	4638	CT	1
4638	4641	CGT	1
4641	4644	CTG	1
4644	4653	CTT	3
4653	4656	CGT	1
4656	4668	CTT	4
4668	4672	TCTT	1
4672	4678	CTT	2
4678	4682	CTCT	1
4682	4685	CTT	1
4685	4687	TT	1
4687	4689	CT	1
4689	4698	CTT	3
4698	4702	ACTT	1
4702	4708	CTT	2
4708	4710	CT	1
4710	4713	TCT	1
4713	4716	CTT	1
4716	4718	CT	1
4718	4724	CTT	2
4724	4726	CT	1
4726	4786	CTT	20
4786	4788	TT	1
4788	4794	CTT	2
4794	4796	TT	1
4796	4814	CTT	6
4814	4817	CCT	1
4817	4820	CTT	1
4820	4824	ACTT	1
4824	4848	CTT	8
4848	4851	TCT	1
4851	4854	CTT	1
4854	4858	GCTT	1
4858	4867	CTT	3
4867	4870	ATT	1
4870	4873	CTT	1
4873	4878	ACGTT	1
4878	4884	CTT	2
4884	4886	CT	1
4886	4888	TT	1
4888	4891	GTT	1
4891	4894	CTT	1
4894	4898	CTCT	1
4898	4910	CTT	4
4910	4913	CTA	1
4913	4916	CTT	1
4916	4919	CTA	1
4919	4928	CTT	3
4928	4931	TTT	1
4931	4946	CTT	5
4946	4948	CT	1
4948	4960	CTT	4
4960	4964	CTCT	1
4964	4982	CTT	6
4982	4986	CCTT	1
4986	5010	CTT	8
5010	5013	CCT	1
5013	5016	CTT	1
5016	5020	CTCT	1
5020	5023	CTT	1
5023	5027	CTGT	1
5027	5039	CTT	4
5039	5042	CTC	1
5042	5054	CTT	4
5054	5056	CT	1
5056	5058	TT	1
5058	5062	CTGT	1
5062	5065	CTT	1
5065	5069	TCTT	1
5069	5073	TCTT	1
5073	5088	CTT	5
5088	5092	CTAT	1
5092	5098	CTT	2
5098	5101	TTT	1
5101	5107	CTT	2
5107	5110	CTG	1
5110	5116	CTT	2
5116	5119	CCT	1
5119	5128	CTT	3
5128	5131	CTT	1
5131	5137	CTT	2
5137	5138	T	1
5138	5150	CTT	4
5150	5154	CTGT	1
5154	5187	CTT	11
5187	5191	CTGT	1
5191	5206	CTT	5
5206	5208	CT	1
5208	5211	CAT	1
5211	5215	CTAT	1
5215	5217	CT	1
5217	5220	TTA	1
5220	5224	CTGT	1
5224	5227	CTT	1
5227	5230	CTA	1
5230	5233	CGT	1
5233	5235	CT	1
5235	5250	CTT	5
5250	5254	ACTT	1
5254	5256	CT	1
5256	5258	CT	1
5258	5260	TT	1
5260	5272	CTT	4
5272	5276	CAAT	1
5276	5285	CTT	3
5285	5289	ACTT	1
5289	5298	CTT	3
5298	5301	CTA	1
5301	5322	CTT	7
5322	5325	CTA	1
5325	5340	CTT	5
5340	5342	TT	1
5342	5345	CTT	1
5345	5349	CGTT	1
5349	5353	CCTT	1
5353	5356	CTT	1
5356	5360	CTTT	1
5360	5363	CTT	1
5363	5365	CT	1
5365	5386	CTT	7
5386	5390	CTCT	1
5390	5393	CTT	1
5393	5395	TT	1
5395	5440	CTT	15
5440	5444	CTGT	1
5444	5450	CTT	2
5450	5453	CTA	1
5453	5456	CTT	1
5456	5459	CTG	1
5459	5461	TT	1
5461	5470	CTT	3
5470	5474	CTTT	1
5474	5476	AT	1
5476	5485	CTT	3
5485	5488	CCA	1
5488	5492	CTGT	1
5492	5495	CTT	1
5495	5497	CT	1
5497	5499	TT	1
5499	5502	CGT	1
5502	5520	CTT	6
5520	5524	CCTT	1
5524	5533	CTT	3
5533	5535	CT	1
5535	5537	TT	1
5537	5540	CGT	1
5540	5552	CTT	4
5552	5555	TTT	1
5555	5558	GTT	1
5558	5561	CTT	1
5561	5564	GTT	1
5564	5594	CTT	10
5594	5597	CAT	1
5597	5930	CTT	111
5930	5950	CCATT	4
5950	5954	CCAT	1
5954	5964	CCATT	2
5964	5969	CTATT	1
5969	5979	CCATT	2
5979	5983	CCAT	1
5983	5988	CCATA	1
5988	5993	CCATT	1
5993	5999	CCAATT	1
5999	6014	CCATT	3
6014	6017	CTT	1
6017	6022	CCATG	1
6022	6032	CCATT	2
6032	6037	CCGTT	1
6037	6043	CCAGTT	1
6043	6053	CCATT	2
6053	6058	CGGTT	1
6058	6063	CCATT	1
6063	6067	CCAT	1
6067	6072	CCATT	1
6072	6078	CCTATT	1
6078	6084	CCCATT	1
6084	6089	CATTA	1
6089	6094	CCATT	1
6094	6098	CATT	1
6098	6108	CCATT	2
6108	6114	CCAAGT	1
6114	6119	CCATT	1
6119	6124	CCACT	1
6124	6149	CCATT	5
6149	6155	CTCATT	1
6155	6161	CCATTT	1
6161	6166	CCTTT	1
6166	6171	CCATT	1
6171	6176	CCACT	1
6176	6181	CCATT	1
6181	6187	CCCTGT	1
6187	6207	CCATT	4
6207	6210	CTT	1
6210	6220	CCATT	2
6220	6226	CCAGTT	1
6226	6230	CCTT	1
6230	6235	CCATT	1
6235	6239	CATT	1
6239	6254	CCATT	3
6254	6258	CCAT	1
6258	6263	CCCTT	1
6263	6270	CCTACTT	1
6270	6275	CCATT	1
6275	6281	CGCATT	1
6281	6286	CCATT	1
6286	6301	CCATT	3
6301	6307	CCATAT	1
6307	6317	CCATT	2
6317	6321	TCTT	1
6321	6326	CCATG	1
6326	6331	TCATT	1
6331	6336	CCATT	1
6336	6342	CACATT	1
6342	6362	CCATT	4
6362	6367	CCGTT	1
6367	6373	CCGATT	1
6373	6379	CCAGTT	1
6379	6385	CTCATT	1
6385	6390	CCATT	1
6390	6394	CCAT	1
6394	6397	CAT	1
6397	6407	CCATT	2
6407	6412	CAATT	1
6412	6417	CTATT	1
6417	6422	CCATT	1
6422	6426	AATT	1
6426	6431	CGATT	1
6431	6436	CCATT	1
6436	6441	CCATC	1
6441	6446	CCATT	1
6446	6451	CCTTT	1
6451	6466	CCATT	3
6466	6471	CGATT	1
6471	6475	CCTT	1
6475	6525	CCATT	10
6525	6530	ACATT	1
6530	6536	CCCATT	1
6536	6551	CCATT	3
6551	6555	CCAT	1
6555	6558	CTT	1
6558	6563	CCATT	1
6563	6567	CCTT	1
6567	6597	CCATT	6
6597	6603	CCAATT	1
6603	6613	CCATT	2
6613	6617	CCAT	1
6617	6622	CCATT	1
6622	6626	CCCT	1
6626	6630	ATTA	1
6630	6635	CCATT	1
6635	6641	CCCATT	1
6641	6647	GACATT	1
6647	6652	CCATT	1
6652	6657	CGATT	1
6657	6667	CCATT	2
6667	6673	CACATT	1
6673	6688	CCATT	3
6688	6693	CCATT	1
6693	6698	CCATT	1
6698	6704	CCAATT	1
6704	6709	CCAGT	1
6709	6714	CCATT	1
6714	6720	CACATT	1
6720	6724	CCTT	1
6724	6729	CCATG	1
6729	6739	CCATT	2
6739	6744	CCAAT	1
6744	6748	CCTT	1
6748	6773	CCATT	5
6773	6777	CATT	1
6777	6782	CCATT	1
6782	6787	CCACT	1
6787	6797	CCATT	2
6797	6802	CCGTT	1
6802	6812	CCATT	2
6812	6817	CCATA	1
6817	6827	CCATT	2
6827	6833	CCCATT	1
6833	6838	CCATT	1
6838	6844	CCGATT	1
6844	6849	CCTTT	1
6849	6859	CCATT	2
6859	6863	CCTT	1
6863	6873	CCATT	2
6873	6878	CGATT	1
6878	6883	CCATT	1
6883	6887	CCTT	1
6887	6891	CCAT	1
6891	6894	CTT	1
6894	6898	CCTT	1
6898	6938	CCATT	8
6938	6942	CATT	1
6942	6946	CATA	1
6946	6966	CCATT	4
6966	6972	CACATT	1
6972	6982	CCATT	2
6982	6986	CCAT	1
6986	6990	CATT	1
6990	7000	CCATT	2
7000	7004	CCAT	1
7004	7010	CCACTT	1
7010	7015	CTATT	1
7015	7019	CCTT	1
7019	7029	CCATT	2
7029	7033	CATT	1
7033	7043	CCATT	2
7043	7048	CCGTG	1
7048	7054	CCAATT	1
7054	7060	CCCATT	1
7060	7070	CCATT	2
7070	7074	CCAT	1
7074	7089	CCATT	3
7089	7093	CCAT	1
7093	7097	CATA	1
7097	7102	CCACT	1
7102	7107	CCATT	1
7107	7111	CCAT	1
7111	7115	CATT	1
7115	7122	CCAAATT	1
7122	7126	CCTT	1
7126	7131	CCATT	1
7131	7137	CCATGT	1
7137	7141	CCAT	1
7141	7145	CATT	1
7145	7149	CATT	1
7149	7159	CCATT	2
7159	7165	CCCATT	1
7165	7175	CCATT	2
7175	7181	GCCATT	1
7181	7187	ACGATT	1
7187	7367	CCATT	36
7367	7387	CCATT	4
7387	7393	CCAATT	1
7393	7398	CCATT	1
7398	7402	CCAT	1
7402	7406	CATT	1
7406	7416	CCATT	2
7416	7420	CCAT	1
7420	7430	CCATT	2
7430	7435	CCAAT	1
7435	7450	CCATT	3
7450	7453	CCT	1
7453	7458	CCATT	1
7458	7464	ACCATT	1
7464	7469	CCATT	1
7469	7474	CCCTT	1
7474	7480	CCATTT	1
7480	7490	CCATT	2
7490	7495	CACTT	1
7495	7500	CCATT	1
7500	7506	CCACTT	1
7506	7511	CCATT	1
7511	7516	GCCAT	1
7516	7521	CCATT	1
7521	7525	CGAT	1
7525	7529	CATT	1
7529	7534	CCAAT	1
7534	7544	CCATT	2
7544	7550	CCAATT	1
7550	7555	CCATT	1
7555	7561	CCATGT	1
7561	7586	CCATT	5
7586	7592	CTCATT	1
7592	7598	CCATAT	1
7598	7604	CCTATT	1
7604	7609	CCATT	1
7609	7614	CCCTT	1
7614	7619	CCATT	1
7619	7622	CAT	1
7622	7626	CATT	1
7626	7641	CCATT	3
7641	7645	CCAT	1
7645	7649	CATT	1
7649	7659	CCATT	2
7659	7665	CAAAAT	1
7665	7669	CATT	1
7669	7674	CCATG	1
7674	7694	CCATT	4
7694	7699	ACACT	1
7699	7705	CCAATT	1
7705	7715	CCATT	2
7715	7722	CCATTTT	1
7722	7742	CCATT	4
7742	7747	TCATT	1
7747	7752	CCATT	1
7752	7758	CCTAGT	1
7758	7762	CCAT	1
7762	7766	CCTT	1
7766	7771	CCATT	1
7771	7776	CCAGT	1
7776	7806	CCATT	6
7806	7810	CATT	1
7810	7814	CCAT	1
7814	7818	CCAT	1
7818	7828	CCATT	2
7828	7834	CCAATT	1
7834	7844	CCATT	2
7844	7850	CTCATT	1
7850	7855	GCATT	1
7855	7859	CCAT	1
7859	7862	CTT	1
7862	7866	CCTT	1
7866	7876	CCATT	2
7876	7880	CATT	1
7880	7885	CCATT	1
7885	7889	CATT	1
7889	7904	CCATT	3
7904	7909	GCATT	1
7909	7959	CCATT	10
7959	7964	CCAAT	1
7964	7969	CCATC	1
7969	7989	CCATT	4
7989	7996	CCAACTT	1
7996	8001	CCATT	1
8001	8005	CATT	1
8005	8035	CCATT	6
8035	8041	CCCATT	1
8041	8051	CCATT	2
8051	8057	CCAATT	1
8057	8063	CCATAT	1
8063	8067	AATC	1
8067	8072	CCATT	1
8072	8078	CCAATT	1
8078	8082	TATT	1
8082	8086	CATT	1
8086	8101	CCATT	3
8101	8106	CCATG	1
8106	8121	CCATT	3
8121	8127	CCATTA	1
8127	8137	CCATT	2
8137	8141	CATT	1
8141	8146	CCAAT	1
8146	8151	CCATT	1
8151	8155	CATT	1
8155	8161	CCCACT	1
8161	8167	CCATTT	1
8167	8177	CCATT	2
8177	8182	CCCTT	1
8182	8186	CATT	1
8186	8211	CCATT	5
8211	8216	GCATT	1
8216	8221	CCATT	1
8221	8227	CACATT	1
8227	8232	CCATT	1
8232	8238	CCATTT	1
8238	8253	CCATT	3
8253	8257	CATT	1
8257	8262	CCATT	1
8262	8268	CCCATT	1
8268	8273	CCATT	1
8273	8279	CCATCT	1
8279	8285	CCATGT	1
8285	8295	CCATT	2
8295	8299	CCAT	1
8299	8309	CCATT	2
8309	8315	CCTATT	1
8315	8320	CCATT	1
8320	8324	CCTT	1
8324	8328	CCAT	1
8328	8333	CCATT	1
8333	8338	TCATT	1
8338	8373	CCATT	7
8373	8379	CCATTT	1
8379	8382	CAG	1
8382	8386	CATT	1
8386	8401	CCATT	3
8401	8406	CCAGT	1
8406	8421	CCATT	3
8421	8427	CCCATT	1
8427	8437	CCATT	2
8437	8442	CCACT	1
8442	8448	CCAATT	1
8448	8453	ACATT	1
8453	8459	CCCATT	1
8459	8464	CCATT	1
8464	8470	CCGATT	1
8470	8480	CCATT	2
8480	8487	CCTAGTT	1
8487	8493	ACCATT	1
8493	8498	ACATT	1
8498	8508	CCATT	2
8508	8513	CCTTT	1
8513	8528	CCATT	3
8528	8534	CCCGTT	1
8534	8540	CCAGTT	1
8540	8545	CCATT	1
8545	8549	CCAT	1
8549	8554	CCATT	1
8554	8558	GATT	1
8558	8562	CCAT	1
8562	8569	CCATCAT	1
8569	8573	CCTC	1
8573	8578	CCATT	1
8578	8582	CATT	1
8582	8587	CTATT	1
8587	8592	CCATT	1
8592	8597	CCATG	1
8597	8612	CCATT	3
8612	8617	GCATT	1
8617	8622	CATTT	1
8622	8662	CCATT	8
8662	8667	CGATT	1
8667	8677	CCATT	2
8677	8681	GCTT	1
8681	8686	CCATT	1
8686	8690	CCAT	1
8690	8694	CCTT	1
8694	8699	CCATT	1
8699	8704	CTATT	1
8704	8708	CCTT	1
8708	8718	CCATT	2
8718	8722	CCAA	1
8722	8726	CATT	1
8726	8732	CCCATT	1
8732	8737	CCTTT	1
8737	8742	ACATT	1
8742	8747	CCATT	1
8747	8751	CATT	1
8751	8761	CCATT	2
8761	8766	CCATT	1
8766	8771	CCATT	1
8771	8776	CATAT	1
8776	8780	CATT	1
8780	8786	CCCATT	1
8786	8791	CCATT	1
8791	8796	TCATT	1
8796	8801	CCATT	1
8801	8807	CCCATT	1
8807	8812	ACATT	1
8812	8822	CCATT	2
8822	8826	CCAT	1
8826	8832	CCATTT	1
8832	8836	CATT	1
8836	8841	CCATC	1
8841	8846	CCATA	1
8846	8851	CAATT	1
8851	8856	CCATT	1
8856	8860	CATT	1
8860	8875	CCATT	3
8875	8879	CCTT	1
8879	8889	CCATT	2
8889	8894	CGATT	1
8894	8898	CCAT	1
8898	8923	CCATT	5
8923	8927	CTAT	1
8927	8931	GATT	1
8931	8936	CCATT	1
8936	8941	CTATT	1
8941	8956	CCATT	3
8956	8963	CAACCTT	1
8963	8967	CATT	1
8967	8972	CCACT	1
8972	8978	CCATGT	1
8978	8983	CCATT	1
8983	8989	TCCATT	1
8989	9029	CCATT	8
9029	9033	CCAT	1
9033	9039	CCTGTT	1
9039	9229	CCATT	38
9229	9249	CCATT	4
9249	9254	CCAAT	1
9254	9264	CCATT	2
9264	9268	CATT	1
9268	9278	CCATT	2
9278	9282	CCAT	1
9282	9288	CCATTT	1
9288	9293	CCATT	1
9293	9298	CCTTT	1
9298	9313	CCATT	3
9313	9317	CGTT	1
9317	9321	CCAT	1
9321	9331	CCATT	2
9331	9336	CCCTT	1
9336	9340	CCAT	1
9340	9345	CTATT	1
9345	9350	CCATT	1
9350	9354	CCAC	1
9354	9358	CATT	1
9358	9363	CCATT	1
9363	9369	CCAATT	1
9369	9374	CCATG	1
9374	9379	CCAAT	1
9379	9384	CCATT	1
9384	9389	GCCTT	1
9389	9394	CCATT	1
9394	9398	CATT	1
9398	9408	CCATT	2
9408	9411	CAT	1
9411	9415	CATT	1
9415	9420	CCATT	1
9420	9426	CCCATT	1
9426	9446	CCATT	4
9446	9451	CCACT	1
9451	9456	CCATT	1
9456	9461	CCGTT	1
9461	9466	CGATT	1
9466	9471	CCATT	1
9471	9477	CCTATT	1
9477	9482	CCATT	1
9482	9489	GCACATT	1
9489	9504	CCATT	3
9504	9507	CCA	1
9507	9510	ATT	1
9510	9520	CCATT	2
9520	9526	CCATCT	1
9526	9529	CTT	1
9529	9534	CCATT	1
9534	9538	CATT	1
9538	9553	CCATT	3
9553	9558	CCAAT	1
9558	9563	CTATT	1
9563	9569	CCCTTT	1
9569	9574	CCATT	1
9574	9579	CAATT	1
9579	9585	CGAATT	1
9585	9600	CCATT	3
9600	9606	CCATTT	1
9606	9616	CCATT	2
9616	9621	GCATT	1
9621	9625	CCAG	1
9625	9629	CATT	1
9629	9634	CCATT	1
9634	9640	CCCATT	1
9640	9665	CCATT	5
9665	9670	CCACT	1
9670	9675	CCATT	1
9675	9679	CATT	1
9679	9683	CATT	1
9683	9693	CCATT	2
9693	9698	CATTT	1
9698	9703	CCATT	1
9703	9708	CCATC	1
9708	9714	CCATGT	1
9714	9719	CCATT	1
9719	9724	TTCTT	1
9724	9730	CCAATT	1
9730	9735	CCATT	1
9735	9740	CCATA	1
9740	9745	CCATT	1
9745	9751	CCCATT	1
9751	9766	CCATT	3
9766	9770	CATT	1
9770	9820	CCATT	10
9820	9825	CCATC	1
9825	9830	CCATT	1
9830	9834	CATT	1
9834	9854	CCATT	4
9854	9857	CTT	1
9857	9862	CCATT	1
9862	9867	CCTTT	1
9867	9897	CCATT	6
9897	9901	CATT	1
9901	9911	CCATT	2
9911	9916	CCATG	1
9916	9921	CCATT	1
9921	9927	CCAGGT	1
9927	9933	CTCATT	1
9933	9938	CCAAT	1
9938	9945	CCCGATT	1
9945	9951	CCCATT	1
9951	9966	CCATT	3
9966	9970	CATT	1
9970	9985	CCATT	3
9985	9991	CCATTT	1
9991	9996	CCATT	1
9996	10002	CCATCT	1
10002	10007	CCATC	1
10007	10012	CCATT	1
10012	10018	CCCATT	1
10018	10023	ACCTT	1
10023	10028	CCATC	1
10028	10038	CCATT	2
10038	10042	CCAT	1
10042	10046	CCAT	1
10046	10071	CCATT	5
10071	10076	CCGTT	1
10076	10081	CCATT	1
10081	10085	CCAT	1
10085	10095	CCATT	2
10095	10099	CCAT	1
10099	10114	CCATT	3
10114	10120	CCCATT	1
10120	10125	CCATT	1
10125	10130	CAATT	1
10130	10135	CCATT	1
10135	10141	CCATGT	1
10141	10147	CCATGT	1
10147	10157	CCATT	2
10157	10163	CCAATT	1
10163	10173	CCATT	2
10173	10177	CATT	1
10177	10182	CCATT	1
10182	10187	CCGTT	1
10187	10191	CCAT	1
10191	10196	TCATC	1
10196	10236	CCATT	8
10236	10242	CCAATT	1
10242	10245	TAT	1
10245	10265	CCATT	4
10265	10270	CAATT	1
10270	10285	CCATT	3
10285	10290	TCATT	1
10290	10300	CCATT	2
10300	10304	CCTT	1
10304	10310	CCAATT	1
10310	10315	GCATT	1
10315	10319	CATT	1
10319	10324	CCATT	1
10324	10330	CCATGT	1
10330	10340	CCATT	2
10340	10345	CCATA	1
10345	10349	CATT	1
10349	10353	CATT	1
10353	10357	CCTT	1
10357	10372	CCATT	3
10372	10376	CATT	1
10376	10391	CCATT	3
10391	10396	CCCAT	1
10396	10400	CCAT	1
10400	10410	CCATT	2
10410	10414	CATT	1
10414	10420	CCGGTT	1
10420	10426	CCACTT	1
10426	10432	CCAGTT	1
10432	10436	CAGT	1
10436	10440	CCAT	1
10440	10444	CATT	1
10444	10448	CATT	1
10448	10583	CCATT	27
10583	10585	CC	1
10585	10590	AATAG	1
10590	10600	AATGG	2
10600	10606	AATGCG	1
10606	10616	AATGG	2
10616	10620	AATG	1
10620	10624	CTGG	1
10624	10649	AATGG	5
10649	10653	AAAG	1
10653	10657	ATGG	1
10657	10667	AATGG	2
10667	10673	AATAGG	1
10673	10678	AATGG	1
10678	10683	AATGT	1
10683	10708	AATGG	5
10708	10715	ACAGTGG	1
10715	10720	AATGG	1
10720	10726	AAATGG	1
10726	10730	AATG	1
10730	10734	AATG	1
10734	10739	ACTGG	1
10739	10745	AATGTG	1
10745	10750	AATAG	1
10750	10765	AATGG	3
10765	10771	GAGTGG	1
10771	10776	AATGG	1
10776	10782	AAATGG	1
10782	10787	ATTGG	1
10787	10797	AATGG	2
10797	10803	AATCGG	1
10803	10813	AATGG	2
10813	10819	AGTTGG	1
10819	10829	AATGG	2
10829	10834	TACGG	1
10834	10839	AATGT	1
10839	10874	AATGG	7
10874	10879	AATGT	1
10879	10883	ATAG	1
10883	10889	AATTGG	1
10889	10894	AATGG	1
10894	10900	AATGCG	1
10900	10904	ATGG	1
10904	10909	ATATG	1
10909	10914	AATGG	1
10914	10919	AGTGG	1
10919	10925	AATGGG	1
10925	10935	AATGG	2
10935	10939	ACGG	1
10939	10944	AATGG	1
10944	10950	AAATGG	1
10950	10960	AATGG	2
10960	10964	ATGG	1
10964	10969	AATGG	1
10969	10974	AATCG	1
10974	10979	AATGG	1
10979	10984	ACAGG	1
10984	10989	AATGG	1
10989	10994	ATGCG	1
10994	11019	AATGG	5
11019	11023	ATGG	1
11023	11027	ATGG	1
11027	11031	AAGG	1
11031	11046	AATGG	3
11046	11052	AATAGG	1
11052	11062	AATGG	2
11062	11067	ATCGG	1
11067	11073	AAATGG	1
11073	11077	AAGG	1
11077	11082	ACTGG	1
11082	11086	ATGG	1
11086	11101	AATGG	3
11101	11107	AATTGG	1
11107	11117	AATGG	2
11117	11122	AAGGG	1
11122	11127	AATGG	1
11127	11133	ATATTG	1
11133	11148	AATGG	3
11148	11153	ATTGG	1
11153	11157	AATG	1
11157	11161	AAGG	1
11161	11176	AATGG	3
11176	11180	AATG	1
11180	11205	AATGG	5
11205	11209	AATG	1
11209	11215	AATTGG	1
11215	11220	AATGG	1
11220	11226	TAATGG	1
11226	11230	ATGG	1
11230	11250	AATGG	4
11250	11256	AATGCG	1
11256	11262	AATGCG	1
11262	11267	AATGG	1
11267	11271	AATG	1
11271	11275	ATGG	1
11275	11281	AATGTA	1
11281	11286	TATAG	1
11286	11291	AATGG	1
11291	11296	ACTGG	1
11296	11302	AAATGG	1
11302	11307	AATGG	1
11307	11312	AGTGG	1
11312	11322	AATGG	2
11322	11329	AGTATGG	1
11329	11339	AATGG	2
11339	11344	AATGA	1
11344	11359	AATGG	3
11359	11365	AATCGG	1
11365	11371	AATGCG	1
11371	11374	AAT	1
11374	11377	TGG	1
11377	11397	AATGG	4
11397	11402	ATGGA	1
11402	11407	AATGG	1
11407	11412	AACGG	1
11412	11422	AATGG	2
11422	11426	ATGG	1
11426	11431	AATTG	1
11431	11441	AATGG	2
11441	11446	CATGG	1
11446	11481	AATGG	7
11481	11487	AAATGG	1
11487	11497	AATGG	2
11497	11502	AATGC	1
11502	11507	AATGG	1
11507	11512	AGTGG	1
11512	11517	AATGT	1
11517	11522	TATGG	1
11522	11527	AATGG	1
11527	11533	AACTGG	1
11533	11539	AATGGG	1
11539	11544	AATGG	1
11544	11548	AAGC	1
11548	11578	AATGG	6
11578	11584	AAGTGG	1
11584	11590	ACATGG	1
11590	11594	AATG	1
11594	11598	ATGG	1
11598	11601	AGG	1
11601	11631	AATGG	6
11631	11637	AATCCG	1
11637	11641	AATG	1
11641	11645	ATGG	1
11645	11650	AATGG	1
11650	11654	ATGG	1
11654	11659	AATGG	1
11659	11665	AATGGG	1
11665	11670	CATGG	1
11670	11695	AATGG	5
11695	11699	TTGG	1
11699	11704	AATGG	1
11704	11708	ATGG	1
11708	11712	AATG	1
11712	11727	AATGG	3
11727	11732	ACTGG	1
11732	11738	AAGTGG	1
11738	11748	AATGG	2
11748	11753	GATGG	1
11753	11757	AAGG	1
11757	11762	AATGG	1
11762	11767	AATGA	1
11767	11772	AATGG	1
11772	11776	ATGG	1
11776	11782	AATGGG	1
11782	11787	AATGG	1
11787	11794	AACATGG	1
11794	11804	AATGG	2
11804	11808	ATGG	1
11808	11813	AATGG	1
11813	11818	ACTGG	1
11818	11828	AATGG	2
11828	11834	AAATGG	1
11834	11840	ATTCCG	1
11840	11845	AATGG	1
11845	11850	AATGC	1
11850	11860	AATGG	2
11860	11864	AAGG	1
11864	11889	AATGG	5
11889	11893	AAGG	1
11893	11899	AACTGG	1
11899	11904	AATGG	1
11904	11910	AATGGG	1
11910	11915	TATGG	1
11915	11935	AATGG	4
11935	11940	AATGC	1
11940	11946	AAATGG	1
11946	11952	CAATGG	1
11952	11956	AAGG	1
11956	11966	AATGG	2
11966	11970	ATGG	1
11970	11980	AATGG	2
11980	11987	AGAATGG	1
11987	11993	AATAGG	1
11993	11999	AAGTGG	1
11999	12004	ATGGG	1
12004	12009	AATGG	1
12009	12015	TAATGG	1
12015	12019	ATGG	1
12019	12027	AATGATGG	1
12027	12037	AATGG	2
12037	12042	CATGG	1
12042	12046	ATGG	1
12046	12051	AATGG	1
12051	12057	CAATGG	1
12057	12062	AATGG	1
12062	12067	AATCG	1
12067	12072	AATGG	1
12072	12077	AATAG	1
12077	12097	AATGG	4
12097	12101	AATG	1
12101	12106	AATGG	1
12106	12110	AAGG	1
12110	12140	AATGG	6
12140	12146	GATGGG	1
12146	12156	AATGG	2
12156	12162	AAATGG	1
12162	12172	AATGG	2
12172	12176	AATG	1
12176	12180	ATGG	1
12180	12184	AAGG	1
12184	12199	AATGG	3
12199	12205	AAAAGG	1
12205	12210	AATGT	1
12210	12215	AATGG	1
12215	12220	AACGG	1
12220	12225	AATGG	1
12225	12230	AAAGG	1
12230	12250	AATGG	4
12250	12254	AATG	1
12254	12264	AATGG	2
12264	12269	AAGGG	1
12269	12274	AATGG	1
12274	12279	ATTGG	1
12279	12285	ATATGG	1
12285	12295	AATGG	2
12295	12299	AATG	1
12299	12303	AATG	1
12303	12318	AATGG	3
12318	12322	AAGG	1
12322	12327	AATGT	1
12327	12332	AGTGG	1
12332	12337	AATGG	1
12337	12343	ACATGG	1
12343	12363	AATGG	4
12363	12369	AATCGG	1
12369	12379	AATGG	2
12379	12384	AATGT	1
12384	12394	AATGG	2
12394	12400	ATATGG	1
12400	12404	AACG	1
12404	12409	AATTG	1
12409	12414	AATGG	1
12414	12420	AAGTGG	1
12420	12426	AAGTGG	1
12426	12441	AATGG	3
12441	12446	AAGGG	1
12446	12451	GATGG	1
12451	12456	AATGG	1
12456	12460	AAGG	1
12460	12480	AATGG	4
12480	12485	ACTGG	1
12485	12489	ATGG	1
12489	12494	AATGG	1
12494	12498	AACG	1
12498	12502	ATGG	1
12502	12507	AATGG	1
12507	12510	ATG	1
12510	12515	ATGGG	1
12515	12520	AATGG	1
12520	12526	AATGTG	1
12526	12536	AATGG	2
12536	12539	AAG	1
12539	12543	ATGG	1
12543	12548	AATGG	1
12548	12553	AAAGG	1
12553	12557	AAGG	1
12557	12562	ACTGG	1
12562	12567	AATGG	1
12567	12573	AGATGG	1
12573	12578	AATGG	1
12578	12582	AAGG	1
12582	12587	AATGG	1
12587	12591	ATGG	1
12591	12596	AATGT	1
12596	12656	AATGG	12
12656	12660	ATGG	1
12660	12666	AATGCG	1
12666	12681	AATGG	3
12681	12687	AATGGG	1
12687	12693	AATCGG	1
12693	12718	AATGG	5
12718	12722	TAGG	1
12722	12957	AATGG	47
12957	12961	AATG	1
12961	12964	CTT	1
12964	12967	GTT	1
12967	12973	CTT	2
12973	12977	CTTT	1
12977	12983	CTT	2
12983	12985	TT	1
12985	13000	CTT	5
